week-long;einwöchig
marketing agency;Marketingagentur
accommodate sb;jdn unterbringen
youth hostel;Jugendherberge
stay;Aufenthalt
enquire about sth;sich nach etw erkundigen
dress code;Kleiderordnung, Kleidungsvorschriften
facilities pl;Einrichtungen, Anlagen, Ausstattung, Räumlichkeiten
open day;Tag der offenen Tür
finalize sth;etw abschließen, etw zum Abschluss bringen
register;sich anmelden
sort sth out BE;etw klären, sich um etw kümmern
principal;(Schul-)Direktor/iin
leadership role;Führungsposition
question sb;jdn befragen
graph;Diagramm, Schaubild
collect data;Daten erheben, Daten sammeln
video conference;Videokonferenz
average;durchschnittlich, Durchschnitt
idiom;Redewendung
abbreviation;Abkürzung
jargon;Fachbegriffe, Fachjargon
chart;Grafik, Diagramm
presentational skills pl;Vortrags-/Moderationsfähigkeiten
penfriend;Brieffreund/in
reformulate sth;etw umformulieren
work satisfaction;Arbeitszufriedenheit
superior;Vorgesetzte/r
keep a deadline;eine Frist / einen Abgabetermin einhalten
popularity;Beliebtheit
transcribe sth;etw transkribieren
concrete;konkret
various;verschieden, mehrere
pride (in sth);Stolz (auf etw)
suffer sth;etw erleiden
get on with sb;gut mit jdm auskommen
the changing face of …;… im Wandel
business communication;Unternehmenskommunikation
historically;traditionell, früher
give sb instructions;jdm Anweisungen erteilen
verbally;mündlich, in mündlicher Form
perform a task;eine Aufgabe / einen Auftrag ausführen
present;anwesend
negotiations pl;Verhandlungen
by post;per Post
separate (from sth);getrennt (von etw)
private life;Privatleben
business world;Geschäftswelt
for good;ein für allemal
overcome distance and time;Zeit und Raum überwinden
business trip;Geschäftsreise
long distance;lange Strecke, große Entfernung
flight;Flug
packed;voll
appointment diary;Terminkalender
working breakfast;Arbeitsfrühstück
give way to sth;einer Sache weichen, einer Sache Platz machen
cost-cutting;kostensparend
conference call;Telefonkonferenz
hybrid job;hybride Arbeit, hybrides Arbeiten
team meeting;Teamsitzung
high-level;hochrangig, auf hoher Ebene
lap;Schoß
trade fair;Branchenmesse, Fachmesse
exhibition;Messe
digitalization;Digitalisierung
image;Bild
attendee;Teilnehmer/in
venue;Veranstaltungsort
streamed event;gestreamte Veranstaltung
trade visitor;Fachbesucher/in
heavy schedule;volles Programm
benefit from sth;von etw profitieren
in particular;(ganz) besonders
business travel;Geschäftsreisen
aviation industry;Luftfahrtbranche
in particular;im Besonderen
have a negative impact on sth;nachteilige Auswirkungen auf etw haben
paperless;papierlos
instant message;Sofortnachricht, Chatnachricht
voicemail message;Sprachnachricht
audio file;Audiodatei
digital device;digitales Gerät
route sth;etw leiten, etw senden
loss of work-life balance;Unausgewogenheit zwischen Berufs- und Privatleben
report-writing;Berichterstellung
relieve the burden;die Belastung mindern
round-the-clock communication;Kommunikation rund um die Uhr
virtual assistant;virtueller Assistent
exponential;exponentiell
task sb with sth;jdn mit etw beauftragen
job requiring emotional intelligence;Aufgabe, die emotionale Intelligenz erfordert
human judgment;menschliche Urteilskraft
end up doing sth;am Ende etw tun
command;Befehl
reason;Verstand
doubt;Zweifel
format sth;etw formatieren
distant;weit entfernt, entlegen
cause (of sth);Ursache (von etw)
corporate language;Unternehmenssprache
dictate sth to sb;jdm etw diktieren
mix sth up;etw vertauschen
transfer a call;einen Anruf weiterleiten
marvellous;wunderbar, großartig
caller;Anrufer/in
apologize;sich entschuldigen
line;Leitung, Verbindung
You're breaking up.;Die Verbindung ist schlecht.
catch sth;etw verstehen
simulate sth;etw simulieren
pond;Teich
car park;Parkplatz, Parkhaus, Tiefgarage
arrival;Ankunft
departure;Abreise
dietary restrictions pl;Ernährungseinschränkungen
allergy;Allergie
take sb by surprise;jdn überraschen
presume;annehmen, davon ausgehen
EV (electric vehicle);Elektroauto
charger;Ladestation
exhibition centre;Messegelände, Messezentrum
link;Verbindung
coach station;Busbahnhof
taxi rank;Taxistand
perform sth;etw ausführen
